{
  "seed": 42,
  "config_path": "D:\\pythonProject\\015assignment\\sentiment-analysis-project\\configs\\bert_freeze.json",
  "epochs": [
    {
      "epoch": 1,
      "train": {
        "loss": 0.6153925511956215,
        "accuracy": 0.697925,
        "precision": 0.6896700349600114,
        "recall": 0.7199060187962407,
        "f1": 0.7044637397578574
      },
      "val": {
        "loss": 0.5384546676382851,
        "accuracy": 0.7836,
        "precision": 0.7651083238312428,
        "recall": 0.8126766249495357,
        "f1": 0.7881754111198119,
        "confusion_matrix": [
          [
            1905,
            618
          ],
          [
            464,
            2013
          ]
        ],
        "error_buckets": {
          "short (<80 tokens)": {
            "total": 220,
            "correct": 176,
            "errors": 44,
            "accuracy": 0.8,
            "error_rate": 0.2
          },
          "medium (80-160 tokens)": {
            "total": 1023,
            "correct": 854,
            "errors": 169,
            "accuracy": 0.8347996089931574,
            "error_rate": 0.1652003910068426
          },
          "long (>=160 tokens)": {
            "total": 3757,
            "correct": 2888,
            "errors": 869,
            "accuracy": 0.7686984295980835,
            "error_rate": 0.23130157040191643
          }
        }
      }
    },
    {
      "epoch": 2,
      "train": {
        "loss": 0.520620943403244,
        "accuracy": 0.78205,
        "precision": 0.7917786970010341,
        "recall": 0.7654969006198761,
        "f1": 0.7784160227734851
      },
      "val": {
        "loss": 0.4821463927102927,
        "accuracy": 0.7922,
        "precision": 0.7586330935251798,
        "recall": 0.8514331853048042,
        "f1": 0.8023587597489061,
        "confusion_matrix": [
          [
            1852,
            671
          ],
          [
            368,
            2109
          ]
        ],
        "error_buckets": {
          "short (<80 tokens)": {
            "total": 220,
            "correct": 177,
            "errors": 43,
            "accuracy": 0.8045454545454546,
            "error_rate": 0.19545454545454546
          },
          "medium (80-160 tokens)": {
            "total": 1023,
            "correct": 862,
            "errors": 161,
            "accuracy": 0.8426197458455523,
            "error_rate": 0.1573802541544477
          },
          "long (>=160 tokens)": {
            "total": 3757,
            "correct": 2922,
            "errors": 835,
            "accuracy": 0.7777482033537397,
            "error_rate": 0.22225179664626032
          }
        }
      }
    },
    {
      "epoch": 3,
      "train": {
        "loss": 0.4809020259082317,
        "accuracy": 0.791775,
        "precision": 0.8018511815502353,
        "recall": 0.7751949610077984,
        "f1": 0.7882977912208017
      },
      "val": {
        "loss": 0.44790467448508775,
        "accuracy": 0.8106,
        "precision": 0.7940046118370484,
        "recall": 0.8340734759790068,
        "f1": 0.8135459736168537,
        "confusion_matrix": [
          [
            1987,
            536
          ],
          [
            411,
            2066
          ]
        ],
        "error_buckets": {
          "short (<80 tokens)": {
            "total": 220,
            "correct": 180,
            "errors": 40,
            "accuracy": 0.8181818181818182,
            "error_rate": 0.18181818181818182
          },
          "medium (80-160 tokens)": {
            "total": 1023,
            "correct": 879,
            "errors": 144,
            "accuracy": 0.8592375366568915,
            "error_rate": 0.14076246334310852
          },
          "long (>=160 tokens)": {
            "total": 3757,
            "correct": 2994,
            "errors": 763,
            "accuracy": 0.7969124301304232,
            "error_rate": 0.2030875698695768
          }
        }
      }
    },
    {
      "epoch": 4,
      "train": {
        "loss": 0.45801798083782197,
        "accuracy": 0.803025,
        "precision": 0.8138752265078955,
        "recall": 0.7858428314337133,
        "f1": 0.799613418449096
      },
      "val": {
        "loss": 0.4316283445388745,
        "accuracy": 0.8154,
        "precision": 0.7916666666666666,
        "recall": 0.8514331853048042,
        "f1": 0.820462944952344,
        "confusion_matrix": [
          [
            1968,
            555
          ],
          [
            368,
            2109
          ]
        ],
        "error_buckets": {
          "short (<80 tokens)": {
            "total": 220,
            "correct": 180,
            "errors": 40,
            "accuracy": 0.8181818181818182,
            "error_rate": 0.18181818181818182
          },
          "medium (80-160 tokens)": {
            "total": 1023,
            "correct": 883,
            "errors": 140,
            "accuracy": 0.863147605083089,
            "error_rate": 0.13685239491691104
          },
          "long (>=160 tokens)": {
            "total": 3757,
            "correct": 3014,
            "errors": 743,
            "accuracy": 0.8022358264572798,
            "error_rate": 0.19776417354272025
          }
        }
      }
    },
    {
      "epoch": 5,
      "train": {
        "loss": 0.4448485111653805,
        "accuracy": 0.80415,
        "precision": 0.8140807267471869,
        "recall": 0.7884423115376925,
        "f1": 0.8010564274467977
      },
      "val": {
        "loss": 0.417683352153903,
        "accuracy": 0.8178,
        "precision": 0.7993119266055045,
        "recall": 0.8441663302381913,
        "f1": 0.8211270371097585,
        "confusion_matrix": [
          [
            1998,
            525
          ],
          [
            386,
            2091
          ]
        ],
        "error_buckets": {
          "short (<80 tokens)": {
            "total": 220,
            "correct": 180,
            "errors": 40,
            "accuracy": 0.8181818181818182,
            "error_rate": 0.18181818181818182
          },
          "medium (80-160 tokens)": {
            "total": 1023,
            "correct": 891,
            "errors": 132,
            "accuracy": 0.8709677419354839,
            "error_rate": 0.12903225806451613
          },
          "long (>=160 tokens)": {
            "total": 3757,
            "correct": 3018,
            "errors": 739,
            "accuracy": 0.8033005057226511,
            "error_rate": 0.19669949427734895
          }
        }
      }
    }
  ],
  "test": {
    "loss": 0.41219896920763266,
    "accuracy": 0.8218,
    "precision": 0.8076341647770219,
    "recall": 0.8483525208416038,
    "f1": 0.8274927395934172,
    "confusion_matrix": [
      [
        1972,
        509
      ],
      [
        382,
        2137
      ]
    ],
    "error_buckets": {
      "short (<80 tokens)": {
        "total": 242,
        "correct": 211,
        "errors": 31,
        "accuracy": 0.871900826446281,
        "error_rate": 0.128099173553719
      },
      "medium (80-160 tokens)": {
        "total": 1024,
        "correct": 897,
        "errors": 127,
        "accuracy": 0.8759765625,
        "error_rate": 0.1240234375
      },
      "long (>=160 tokens)": {
        "total": 3734,
        "correct": 3001,
        "errors": 733,
        "accuracy": 0.8036957686127477,
        "error_rate": 0.19630423138725228
      }
    }
  }
}