{
  "seed": 42,
  "config_path": "D:\\pythonProject\\015assignment\\sentiment-analysis-project\\configs\\bert_random.json",
  "epochs": [
    {
      "epoch": 1,
      "train": {
        "loss": 0.7544725711643696,
        "accuracy": 0.4959375,
        "precision": 0.4983061287342162,
        "recall": 0.5032659409020218,
        "f1": 0.5007737542556484
      },
      "val": {
        "loss": 0.6886800909042359,
        "accuracy": 0.5375,
        "precision": 0.5375,
        "recall": 1.0,
        "f1": 0.6991869918699186,
        "confusion_matrix": [
          [
            0,
            370
          ],
          [
            0,
            430
          ]
        ],
        "error_buckets": {
          "short (<80 tokens)": {
            "total": 38,
            "correct": 19,
            "errors": 19,
            "accuracy": 0.5,
            "error_rate": 0.5
          },
          "medium (80-160 tokens)": {
            "total": 163,
            "correct": 86,
            "errors": 77,
            "accuracy": 0.5276073619631901,
            "error_rate": 0.4723926380368098
          },
          "long (>=160 tokens)": {
            "total": 599,
            "correct": 325,
            "errors": 274,
            "accuracy": 0.5425709515859767,
            "error_rate": 0.4574290484140234
          }
        }
      }
    },
    {
      "epoch": 2,
      "train": {
        "loss": 0.7360393112152814,
        "accuracy": 0.505,
        "precision": 0.5070719229611796,
        "recall": 0.5241057542768274,
        "f1": 0.5154481492811257
      },
      "val": {
        "loss": 0.7457468974590301,
        "accuracy": 0.5375,
        "precision": 0.5375,
        "recall": 1.0,
        "f1": 0.6991869918699186,
        "confusion_matrix": [
          [
            0,
            370
          ],
          [
            0,
            430
          ]
        ],
        "error_buckets": {
          "short (<80 tokens)": {
            "total": 38,
            "correct": 19,
            "errors": 19,
            "accuracy": 0.5,
            "error_rate": 0.5
          },
          "medium (80-160 tokens)": {
            "total": 163,
            "correct": 86,
            "errors": 77,
            "accuracy": 0.5276073619631901,
            "error_rate": 0.4723926380368098
          },
          "long (>=160 tokens)": {
            "total": 599,
            "correct": 325,
            "errors": 274,
            "accuracy": 0.5425709515859767,
            "error_rate": 0.4574290484140234
          }
        }
      }
    },
    {
      "epoch": 3,
      "train": {
        "loss": 0.7333150446414948,
        "accuracy": 0.50625,
        "precision": 0.5083006338665862,
        "recall": 0.5237947122861586,
        "f1": 0.5159313725490197
      },
      "val": {
        "loss": 0.691122659444809,
        "accuracy": 0.5775,
        "precision": 0.5626702997275205,
        "recall": 0.9604651162790697,
        "f1": 0.7096219931271478,
        "confusion_matrix": [
          [
            49,
            321
          ],
          [
            17,
            413
          ]
        ],
        "error_buckets": {
          "short (<80 tokens)": {
            "total": 38,
            "correct": 23,
            "errors": 15,
            "accuracy": 0.6052631578947368,
            "error_rate": 0.39473684210526316
          },
          "medium (80-160 tokens)": {
            "total": 163,
            "correct": 92,
            "errors": 71,
            "accuracy": 0.5644171779141104,
            "error_rate": 0.43558282208588955
          },
          "long (>=160 tokens)": {
            "total": 599,
            "correct": 347,
            "errors": 252,
            "accuracy": 0.5792988313856428,
            "error_rate": 0.42070116861435725
          }
        }
      }
    }
  ],
  "test": {
    "loss": 0.6912378287315368,
    "accuracy": 0.56125,
    "precision": 0.5392296718972895,
    "recall": 0.9310344827586207,
    "f1": 0.6829268292682926,
    "confusion_matrix": [
      [
        71,
        323
      ],
      [
        28,
        378
      ]
    ],
    "error_buckets": {
      "short (<80 tokens)": {
        "total": 45,
        "correct": 26,
        "errors": 19,
        "accuracy": 0.5777777777777777,
        "error_rate": 0.4222222222222222
      },
      "medium (80-160 tokens)": {
        "total": 153,
        "correct": 89,
        "errors": 64,
        "accuracy": 0.5816993464052288,
        "error_rate": 0.41830065359477125
      },
      "long (>=160 tokens)": {
        "total": 602,
        "correct": 334,
        "errors": 268,
        "accuracy": 0.5548172757475083,
        "error_rate": 0.44518272425249167
      }
    }
  }
}