{
  "seed": 42,
  "config_path": "D:\\pythonProject\\015assignment\\sentiment-analysis-project\\configs\\bert_finetune_partial.json",
  "epochs": [
    {
      "epoch": 1,
      "train": {
        "loss": 0.3182619999013841,
        "accuracy": 0.86515,
        "precision": 0.8652865286528653,
        "recall": 0.8650269946010798,
        "f1": 0.8651567421628917
      },
      "val": {
        "loss": 0.3075819993599916,
        "accuracy": 0.8724,
        "precision": 0.8386740331491712,
        "recall": 0.9192571659265241,
        "f1": 0.8771186440677967,
        "confusion_matrix": [
          [
            2085,
            438
          ],
          [
            200,
            2277
          ]
        ],
        "error_buckets": {
          "short (<80 tokens)": {
            "total": 220,
            "correct": 201,
            "errors": 19,
            "accuracy": 0.9136363636363637,
            "error_rate": 0.08636363636363636
          },
          "medium (80-160 tokens)": {
            "total": 1023,
            "correct": 938,
            "errors": 85,
            "accuracy": 0.916911045943304,
            "error_rate": 0.08308895405669599
          },
          "long (>=160 tokens)": {
            "total": 3757,
            "correct": 3223,
            "errors": 534,
            "accuracy": 0.8578653180729305,
            "error_rate": 0.14213468192706946
          }
        }
      }
    },
    {
      "epoch": 2,
      "train": {
        "loss": 0.3026735365457833,
        "accuracy": 0.87195,
        "precision": 0.8724597056762439,
        "recall": 0.8713257348530294,
        "f1": 0.8718923515582012
      },
      "val": {
        "loss": 0.31605016553816134,
        "accuracy": 0.875,
        "precision": 0.9367924528301886,
        "recall": 0.8017763423496165,
        "f1": 0.8640417663693714,
        "confusion_matrix": [
          [
            2389,
            134
          ],
          [
            491,
            1986
          ]
        ],
        "error_buckets": {
          "short (<80 tokens)": {
            "total": 220,
            "correct": 201,
            "errors": 19,
            "accuracy": 0.9136363636363637,
            "error_rate": 0.08636363636363636
          },
          "medium (80-160 tokens)": {
            "total": 1023,
            "correct": 941,
            "errors": 82,
            "accuracy": 0.9198435972629521,
            "error_rate": 0.0801564027370479
          },
          "long (>=160 tokens)": {
            "total": 3757,
            "correct": 3233,
            "errors": 524,
            "accuracy": 0.8605270162363587,
            "error_rate": 0.1394729837636412
          }
        }
      }
    },
    {
      "epoch": 3,
      "train": {
        "loss": 0.28425252988785504,
        "accuracy": 0.8813,
        "precision": 0.8804109315778975,
        "recall": 0.8825234953009398,
        "f1": 0.8814659476732575
      },
      "val": {
        "loss": 0.2677790083038731,
        "accuracy": 0.8886,
        "precision": 0.8915171288743883,
        "recall": 0.8825191764230924,
        "f1": 0.8869953337390951,
        "confusion_matrix": [
          [
            2257,
            266
          ],
          [
            291,
            2186
          ]
        ],
        "error_buckets": {
          "short (<80 tokens)": {
            "total": 220,
            "correct": 204,
            "errors": 16,
            "accuracy": 0.9272727272727272,
            "error_rate": 0.07272727272727272
          },
          "medium (80-160 tokens)": {
            "total": 1023,
            "correct": 958,
            "errors": 65,
            "accuracy": 0.9364613880742912,
            "error_rate": 0.0635386119257087
          },
          "long (>=160 tokens)": {
            "total": 3757,
            "correct": 3281,
            "errors": 476,
            "accuracy": 0.8733031674208145,
            "error_rate": 0.12669683257918551
          }
        }
      }
    },
    {
      "epoch": 4,
      "train": {
        "loss": 0.2786822315692902,
        "accuracy": 0.884925,
        "precision": 0.8841989722097491,
        "recall": 0.8859228154369126,
        "f1": 0.8850600544360377
      },
      "val": {
        "loss": 0.30278744872290486,
        "accuracy": 0.8722,
        "precision": 0.9326741996233522,
        "recall": 0.7997577714977796,
        "f1": 0.8611171484459901,
        "confusion_matrix": [
          [
            2380,
            143
          ],
          [
            496,
            1981
          ]
        ],
        "error_buckets": {
          "short (<80 tokens)": {
            "total": 220,
            "correct": 202,
            "errors": 18,
            "accuracy": 0.9181818181818182,
            "error_rate": 0.08181818181818182
          },
          "medium (80-160 tokens)": {
            "total": 1023,
            "correct": 942,
            "errors": 81,
            "accuracy": 0.9208211143695014,
            "error_rate": 0.07917888563049853
          },
          "long (>=160 tokens)": {
            "total": 3757,
            "correct": 3217,
            "errors": 540,
            "accuracy": 0.8562682991748736,
            "error_rate": 0.14373170082512643
          }
        }
      }
    },
    {
      "epoch": 5,
      "train": {
        "loss": 0.28657276454269887,
        "accuracy": 0.883575,
        "precision": 0.8836558172091395,
        "recall": 0.8835232953409318,
        "f1": 0.8835895513060867
      },
      "val": {
        "loss": 0.29105162398574264,
        "accuracy": 0.8836,
        "precision": 0.9250785105428443,
        "recall": 0.8324586192975374,
        "f1": 0.8763280917977051,
        "confusion_matrix": [
          [
            2356,
            167
          ],
          [
            415,
            2062
          ]
        ],
        "error_buckets": {
          "short (<80 tokens)": {
            "total": 220,
            "correct": 201,
            "errors": 19,
            "accuracy": 0.9136363636363637,
            "error_rate": 0.08636363636363636
          },
          "medium (80-160 tokens)": {
            "total": 1023,
            "correct": 945,
            "errors": 78,
            "accuracy": 0.9237536656891495,
            "error_rate": 0.07624633431085044
          },
          "long (>=160 tokens)": {
            "total": 3757,
            "correct": 3272,
            "errors": 485,
            "accuracy": 0.870907639073729,
            "error_rate": 0.12909236092627097
          }
        }
      }
    }
  ],
  "test": {
    "loss": 0.27863955178771155,
    "accuracy": 0.8856,
    "precision": 0.9328590484659849,
    "recall": 0.832870186581977,
    "f1": 0.8800335570469799,
    "confusion_matrix": [
      [
        2330,
        151
      ],
      [
        421,
        2098
      ]
    ],
    "error_buckets": {
      "short (<80 tokens)": {
        "total": 242,
        "correct": 223,
        "errors": 19,
        "accuracy": 0.9214876033057852,
        "error_rate": 0.07851239669421488
      },
      "medium (80-160 tokens)": {
        "total": 1024,
        "correct": 940,
        "errors": 84,
        "accuracy": 0.91796875,
        "error_rate": 0.08203125
      },
      "long (>=160 tokens)": {
        "total": 3734,
        "correct": 3265,
        "errors": 469,
        "accuracy": 0.8743974290305303,
        "error_rate": 0.12560257096946975
      }
    }
  }
}