{
  "seed": 42,
  "config_path": "D:\\pythonProject\\015assignment\\sentiment-analysis-project\\configs\\bert_finetune.json",
  "epochs": [
    {
      "epoch": 1,
      "train": {
        "loss": 0.39426081962883475,
        "accuracy": 0.81703125,
        "precision": 0.8142681426814268,
        "recall": 0.8236391912908243,
        "f1": 0.818926859440235
      },
      "val": {
        "loss": 0.2948479824513197,
        "accuracy": 0.86375,
        "precision": 0.9002493765586035,
        "recall": 0.8395348837209302,
        "f1": 0.8688327316486162
      }
    },
    {
      "epoch": 2,
      "train": {
        "loss": 0.3006209926959127,
        "accuracy": 0.875,
        "precision": 0.8776978417266187,
        "recall": 0.8727838258164852,
        "f1": 0.8752339363693076
      },
      "val": {
        "loss": 0.31595799922943113,
        "accuracy": 0.88125,
        "precision": 0.8526315789473684,
        "recall": 0.9418604651162791,
        "f1": 0.8950276243093923
      }
    },
    {
      "epoch": 3,
      "train": {
        "loss": 0.29949409478344025,
        "accuracy": 0.873125,
        "precision": 0.8732525629077353,
        "recall": 0.874339035769829,
        "f1": 0.8737954616101958
      },
      "val": {
        "loss": 0.34684680700302123,
        "accuracy": 0.86125,
        "precision": 0.9322493224932249,
        "recall": 0.8,
        "f1": 0.8610763454317897
      }
    }
  ],
  "test": {
    "loss": 0.34564540922641757,
    "accuracy": 0.8625,
    "precision": 0.9302325581395349,
    "recall": 0.7881773399014779,
    "f1": 0.8533333333333333
  }
}