{
  "seed": 42,
  "config_path": "D:\\Personal\\hkbu\\comp7015\\grouproject\\BU_AI_Group\\configs\\bert_full_training.json",
  "epochs": [
    {
      "epoch": 1,
      "train": {
        "loss": 0.3202224119588733,
        "accuracy": 0.86035,
        "precision": 0.8607385908726981,
        "recall": 0.859878024395121,
        "f1": 0.8603080924277283
      },
      "val": {
        "loss": 0.30006305603816297,
        "accuracy": 0.8812,
        "precision": 0.9052948773138183,
        "recall": 0.8490109002826,
        "f1": 0.87625
      }
    },
    {
      "epoch": 2,
      "train": {
        "loss": 0.29897953948304057,
        "accuracy": 0.874025,
        "precision": 0.8747433264887063,
        "recall": 0.873125374925015,
        "f1": 0.8739336018613495
      },
      "val": {
        "loss": 0.29620092293729605,
        "accuracy": 0.8816,
        "precision": 0.8640401699497876,
        "recall": 0.9031085991118288,
        "f1": 0.8831425187524674
      }
    },
    {
      "epoch": 3,
      "train": {
        "loss": 0.2842944869503379,
        "accuracy": 0.88195,
        "precision": 0.8807933818399283,
        "recall": 0.8835232953409318,
        "f1": 0.882156226603444
      },
      "val": {
        "loss": 0.27479094823304645,
        "accuracy": 0.888,
        "precision": 0.9012138970280452,
        "recall": 0.8691966088009689,
        "f1": 0.8849157418824497
      }
    },
    {
      "epoch": 4,
      "train": {
        "loss": 0.27810708624124525,
        "accuracy": 0.88425,
        "precision": 0.8828187250996016,
        "recall": 0.8861727654469106,
        "f1": 0.8844925656122143
      },
      "val": {
        "loss": 0.26696573363872955,
        "accuracy": 0.89,
        "precision": 0.8785854616895874,
        "recall": 0.9027048849414614,
        "f1": 0.8904818797291916
      }
    }
  ],
  "test": {
    "loss": 0.2499645406874224,
    "accuracy": 0.897,
    "precision": 0.8911007025761124,
    "recall": 0.9063120285827709,
    "f1": 0.8986419996063767
  }
}