{
  "seed": 42,
  "config_path": "D:\\pythonProject\\015assignment\\sentiment-analysis-project\\configs\\rnn_glove_finetune.json",
  "epochs": [
    {
      "epoch": 1,
      "train": {
        "loss": 0.6121713929653168,
        "accuracy": 0.655925,
        "precision": 0.6540151029070629,
        "recall": 0.6624175164967007,
        "f1": 0.6581894945982862
      },
      "val": {
        "loss": 0.5008863481176886,
        "accuracy": 0.7948,
        "precision": 0.8019142738243862,
        "recall": 0.7779572062979411,
        "f1": 0.7897540983606558,
        "confusion_matrix": [
          [
            2047,
            476
          ],
          [
            550,
            1927
          ]
        ],
        "error_buckets": {
          "short (<80 tokens)": {
            "total": 399,
            "correct": 333,
            "errors": 66,
            "accuracy": 0.8345864661654135,
            "error_rate": 0.16541353383458646
          },
          "medium (80-160 tokens)": {
            "total": 1799,
            "correct": 1456,
            "errors": 343,
            "accuracy": 0.8093385214007782,
            "error_rate": 0.19066147859922178
          },
          "long (>=160 tokens)": {
            "total": 2802,
            "correct": 2185,
            "errors": 617,
            "accuracy": 0.7798001427551748,
            "error_rate": 0.22019985724482513
          }
        }
      }
    },
    {
      "epoch": 2,
      "train": {
        "loss": 0.40694001089334486,
        "accuracy": 0.827275,
        "precision": 0.8214443517109333,
        "recall": 0.8364327134573085,
        "f1": 0.8288707799767171
      },
      "val": {
        "loss": 0.39224723078737594,
        "accuracy": 0.847,
        "precision": 0.8242424242424242,
        "recall": 0.8784820347194187,
        "f1": 0.8504983388704318,
        "confusion_matrix": [
          [
            2059,
            464
          ],
          [
            301,
            2176
          ]
        ],
        "error_buckets": {
          "short (<80 tokens)": {
            "total": 399,
            "correct": 348,
            "errors": 51,
            "accuracy": 0.8721804511278195,
            "error_rate": 0.12781954887218044
          },
          "medium (80-160 tokens)": {
            "total": 1799,
            "correct": 1560,
            "errors": 239,
            "accuracy": 0.8671484157865481,
            "error_rate": 0.13285158421345192
          },
          "long (>=160 tokens)": {
            "total": 2802,
            "correct": 2327,
            "errors": 475,
            "accuracy": 0.8304782298358315,
            "error_rate": 0.16952177016416844
          }
        }
      }
    },
    {
      "epoch": 3,
      "train": {
        "loss": 0.2907031344383955,
        "accuracy": 0.88925,
        "precision": 0.884809250840087,
        "recall": 0.8950709858028394,
        "f1": 0.889910536779324
      },
      "val": {
        "loss": 0.3354358260940974,
        "accuracy": 0.8666,
        "precision": 0.8851063829787233,
        "recall": 0.8397254743641501,
        "f1": 0.8618189351564117,
        "confusion_matrix": [
          [
            2253,
            270
          ],
          [
            397,
            2080
          ]
        ],
        "error_buckets": {
          "short (<80 tokens)": {
            "total": 399,
            "correct": 355,
            "errors": 44,
            "accuracy": 0.8897243107769424,
            "error_rate": 0.11027568922305764
          },
          "medium (80-160 tokens)": {
            "total": 1799,
            "correct": 1597,
            "errors": 202,
            "accuracy": 0.8877153974430239,
            "error_rate": 0.1122846025569761
          },
          "long (>=160 tokens)": {
            "total": 2802,
            "correct": 2381,
            "errors": 421,
            "accuracy": 0.8497501784439686,
            "error_rate": 0.1502498215560314
          }
        }
      }
    },
    {
      "epoch": 4,
      "train": {
        "loss": 0.21455714759975672,
        "accuracy": 0.920425,
        "precision": 0.9169599920678201,
        "recall": 0.9246150769846031,
        "f1": 0.9207716241443684
      },
      "val": {
        "loss": 0.33968441570355634,
        "accuracy": 0.8652,
        "precision": 0.8917861799217731,
        "recall": 0.8284214775938635,
        "f1": 0.8589367936375053,
        "confusion_matrix": [
          [
            2274,
            249
          ],
          [
            425,
            2052
          ]
        ],
        "error_buckets": {
          "short (<80 tokens)": {
            "total": 399,
            "correct": 358,
            "errors": 41,
            "accuracy": 0.8972431077694235,
            "error_rate": 0.10275689223057644
          },
          "medium (80-160 tokens)": {
            "total": 1799,
            "correct": 1591,
            "errors": 208,
            "accuracy": 0.8843802112284602,
            "error_rate": 0.11561978877153975
          },
          "long (>=160 tokens)": {
            "total": 2802,
            "correct": 2377,
            "errors": 425,
            "accuracy": 0.8483226266952177,
            "error_rate": 0.1516773733047823
          }
        }
      }
    },
    {
      "epoch": 5,
      "train": {
        "loss": 0.16321915524601938,
        "accuracy": 0.94205,
        "precision": 0.9394255615185848,
        "recall": 0.9450609878024395,
        "f1": 0.9422348484848485
      },
      "val": {
        "loss": 0.34253531629160333,
        "accuracy": 0.8782,
        "precision": 0.8700475435816165,
        "recall": 0.8865563181267663,
        "f1": 0.8782243551289742,
        "confusion_matrix": [
          [
            2195,
            328
          ],
          [
            281,
            2196
          ]
        ],
        "error_buckets": {
          "short (<80 tokens)": {
            "total": 399,
            "correct": 359,
            "errors": 40,
            "accuracy": 0.899749373433584,
            "error_rate": 0.10025062656641603
          },
          "medium (80-160 tokens)": {
            "total": 1799,
            "correct": 1599,
            "errors": 200,
            "accuracy": 0.8888271261812117,
            "error_rate": 0.11117287381878821
          },
          "long (>=160 tokens)": {
            "total": 2802,
            "correct": 2433,
            "errors": 369,
            "accuracy": 0.8683083511777302,
            "error_rate": 0.1316916488222698
          }
        }
      }
    }
  ],
  "test": {
    "loss": 0.3237274988394254,
    "accuracy": 0.8856,
    "precision": 0.881914476265202,
    "recall": 0.8924176260420802,
    "f1": 0.8871349644830308,
    "confusion_matrix": [
      [
        2180,
        301
      ],
      [
        271,
        2248
      ]
    ],
    "error_buckets": {
      "short (<80 tokens)": {
        "total": 414,
        "correct": 379,
        "errors": 35,
        "accuracy": 0.9154589371980676,
        "error_rate": 0.08454106280193237
      },
      "medium (80-160 tokens)": {
        "total": 1730,
        "correct": 1566,
        "errors": 164,
        "accuracy": 0.9052023121387284,
        "error_rate": 0.09479768786127167
      },
      "long (>=160 tokens)": {
        "total": 2856,
        "correct": 2483,
        "errors": 373,
        "accuracy": 0.8693977591036415,
        "error_rate": 0.13060224089635855
      }
    }
  }
}