{
  "seed": 42,
  "config_path": "D:\\pythonProject\\015assignment\\sentiment-analysis-project\\configs\\bert_freeze.json",
  "epochs": [
    {
      "epoch": 1,
      "train": {
        "loss": 0.685053069293499,
        "accuracy": 0.55125,
        "precision": 0.5386348276638883,
        "recall": 0.743701399688958,
        "f1": 0.6247713613796708
      },
      "val": {
        "loss": 0.6552146208286286,
        "accuracy": 0.6775,
        "precision": 0.6981566820276498,
        "recall": 0.7046511627906977,
        "f1": 0.701388888888889
      }
    },
    {
      "epoch": 2,
      "train": {
        "loss": 0.6515575747191906,
        "accuracy": 0.6484375,
        "precision": 0.6466119720449711,
        "recall": 0.6618973561430793,
        "f1": 0.6541653857977251
      },
      "val": {
        "loss": 0.6221883487701416,
        "accuracy": 0.74625,
        "precision": 0.7430406852248393,
        "recall": 0.8069767441860465,
        "f1": 0.773690078037904
      }
    },
    {
      "epoch": 3,
      "train": {
        "loss": 0.6262728068232536,
        "accuracy": 0.70265625,
        "precision": 0.6962896469180132,
        "recall": 0.7237947122861587,
        "f1": 0.7097758121091963
      },
      "val": {
        "loss": 0.5969272446632385,
        "accuracy": 0.76125,
        "precision": 0.7734553775743707,
        "recall": 0.786046511627907,
        "f1": 0.7797001153402537
      }
    }
  ],
  "test": {
    "loss": 0.6025477683544159,
    "accuracy": 0.7525,
    "precision": 0.7666666666666667,
    "recall": 0.7364532019704434,
    "f1": 0.7512562814070353
  }
}