{
  "seed": 42,
  "config_path": "D:\\pythonProject\\015assignment\\sentiment-analysis-project\\configs\\rnn_glove_finetune.json",
  "epochs": [
    {
      "epoch": 1,
      "train": {
        "loss": 0.6810944847345353,
        "accuracy": 0.5717,
        "precision": 0.573784811427397,
        "recall": 0.5582383523295341,
        "f1": 0.5659048294734709
      },
      "val": {
        "loss": 0.630034222344684,
        "accuracy": 0.6716,
        "precision": 0.646851916989096,
        "recall": 0.7424303593056116,
        "f1": 0.6913533834586466,
        "confusion_matrix": [
          [
            1519,
            1004
          ],
          [
            638,
            1839
          ]
        ],
        "error_buckets": {
          "short (<80 tokens)": {
            "total": 399,
            "correct": 269,
            "errors": 130,
            "accuracy": 0.6741854636591479,
            "error_rate": 0.3258145363408521
          },
          "medium (80-160 tokens)": {
            "total": 1799,
            "correct": 1233,
            "errors": 566,
            "accuracy": 0.6853807670928294,
            "error_rate": 0.31461923290717064
          },
          "long (>=160 tokens)": {
            "total": 2802,
            "correct": 1856,
            "errors": 946,
            "accuracy": 0.662384011420414,
            "error_rate": 0.337615988579586
          }
        }
      }
    },
    {
      "epoch": 2,
      "train": {
        "loss": 0.6289281343221664,
        "accuracy": 0.662225,
        "precision": 0.6587918806554169,
        "recall": 0.6733153369326135,
        "f1": 0.6659744369452891
      },
      "val": {
        "loss": 0.6513582929304451,
        "accuracy": 0.6258,
        "precision": 0.6589716684155299,
        "recall": 0.5070649979814291,
        "f1": 0.5731234314396532,
        "confusion_matrix": [
          [
            1873,
            650
          ],
          [
            1221,
            1256
          ]
        ],
        "error_buckets": {
          "short (<80 tokens)": {
            "total": 399,
            "correct": 261,
            "errors": 138,
            "accuracy": 0.6541353383458647,
            "error_rate": 0.3458646616541353
          },
          "medium (80-160 tokens)": {
            "total": 1799,
            "correct": 1142,
            "errors": 657,
            "accuracy": 0.6347971095052807,
            "error_rate": 0.36520289049471927
          },
          "long (>=160 tokens)": {
            "total": 2802,
            "correct": 1726,
            "errors": 1076,
            "accuracy": 0.6159885795860099,
            "error_rate": 0.38401142041399
          }
        }
      }
    },
    {
      "epoch": 3,
      "train": {
        "loss": 0.604895966053009,
        "accuracy": 0.68765,
        "precision": 0.686186037286791,
        "recall": 0.6918116376724655,
        "f1": 0.6889873543761824
      },
      "val": {
        "loss": 0.6645719712706888,
        "accuracy": 0.605,
        "precision": 0.5965384615384616,
        "recall": 0.6261606782398063,
        "f1": 0.6109907425645066,
        "confusion_matrix": [
          [
            1474,
            1049
          ],
          [
            926,
            1551
          ]
        ],
        "error_buckets": {
          "short (<80 tokens)": {
            "total": 399,
            "correct": 260,
            "errors": 139,
            "accuracy": 0.6516290726817042,
            "error_rate": 0.3483709273182957
          },
          "medium (80-160 tokens)": {
            "total": 1799,
            "correct": 1119,
            "errors": 680,
            "accuracy": 0.6220122290161201,
            "error_rate": 0.3779877709838799
          },
          "long (>=160 tokens)": {
            "total": 2802,
            "correct": 1646,
            "errors": 1156,
            "accuracy": 0.5874375446109922,
            "error_rate": 0.4125624553890079
          }
        }
      }
    },
    {
      "epoch": 4,
      "train": {
        "loss": 0.5751785353183746,
        "accuracy": 0.71025,
        "precision": 0.7101608552302927,
        "recall": 0.7106578684263147,
        "f1": 0.7104092748988056
      },
      "val": {
        "loss": 0.580350949790827,
        "accuracy": 0.7388,
        "precision": 0.7082888651725364,
        "recall": 0.8037949132014534,
        "f1": 0.7530257186081695,
        "confusion_matrix": [
          [
            1703,
            820
          ],
          [
            486,
            1991
          ]
        ],
        "error_buckets": {
          "short (<80 tokens)": {
            "total": 399,
            "correct": 322,
            "errors": 77,
            "accuracy": 0.8070175438596491,
            "error_rate": 0.19298245614035087
          },
          "medium (80-160 tokens)": {
            "total": 1799,
            "correct": 1362,
            "errors": 437,
            "accuracy": 0.7570872707059477,
            "error_rate": 0.24291272929405225
          },
          "long (>=160 tokens)": {
            "total": 2802,
            "correct": 2010,
            "errors": 792,
            "accuracy": 0.7173447537473233,
            "error_rate": 0.2826552462526767
          }
        }
      }
    },
    {
      "epoch": 5,
      "train": {
        "loss": 0.5039610774517059,
        "accuracy": 0.7662,
        "precision": 0.761155241737766,
        "recall": 0.775994801039792,
        "f1": 0.7685033912569931
      },
      "val": {
        "loss": 0.5559398719839229,
        "accuracy": 0.7432,
        "precision": 0.7379337854008775,
        "recall": 0.7468712151796528,
        "f1": 0.7423756019261636,
        "confusion_matrix": [
          [
            1866,
            657
          ],
          [
            627,
            1850
          ]
        ],
        "error_buckets": {
          "short (<80 tokens)": {
            "total": 399,
            "correct": 316,
            "errors": 83,
            "accuracy": 0.7919799498746867,
            "error_rate": 0.20802005012531327
          },
          "medium (80-160 tokens)": {
            "total": 1799,
            "correct": 1385,
            "errors": 414,
            "accuracy": 0.7698721511951084,
            "error_rate": 0.2301278488048916
          },
          "long (>=160 tokens)": {
            "total": 2802,
            "correct": 2015,
            "errors": 787,
            "accuracy": 0.719129193433262,
            "error_rate": 0.280870806566738
          }
        }
      }
    }
  ],
  "test": {
    "loss": 0.5417706250764762,
    "accuracy": 0.7496,
    "precision": 0.7462106490478041,
    "recall": 0.7622072250893211,
    "f1": 0.7541241162608012,
    "confusion_matrix": [
      [
        1828,
        653
      ],
      [
        599,
        1920
      ]
    ],
    "error_buckets": {
      "short (<80 tokens)": {
        "total": 414,
        "correct": 337,
        "errors": 77,
        "accuracy": 0.8140096618357487,
        "error_rate": 0.1859903381642512
      },
      "medium (80-160 tokens)": {
        "total": 1730,
        "correct": 1341,
        "errors": 389,
        "accuracy": 0.7751445086705202,
        "error_rate": 0.22485549132947977
      },
      "long (>=160 tokens)": {
        "total": 2856,
        "correct": 2070,
        "errors": 786,
        "accuracy": 0.7247899159663865,
        "error_rate": 0.27521008403361347
      }
    }
  }
}