{
  "seed": 42,
  "config_path": "D:\\pythonProject\\015assignment\\sentiment-analysis-project\\configs\\rnn_random_embed.json",
  "epochs": [
    {
      "epoch": 1,
      "train": {
        "loss": 0.6749353909492493,
        "accuracy": 0.57171875,
        "precision": 0.5658333333333333,
        "recall": 0.6335925349922239,
        "f1": 0.5977989728539985
      },
      "val": {
        "loss": 0.655108482837677,
        "accuracy": 0.60875,
        "precision": 0.6788990825688074,
        "recall": 0.5162790697674419,
        "f1": 0.5865257595772787
      }
    },
    {
      "epoch": 2,
      "train": {
        "loss": 0.6057329837977886,
        "accuracy": 0.68234375,
        "precision": 0.6743362831858407,
        "recall": 0.7110419906687403,
        "f1": 0.6922028766086299
      },
      "val": {
        "loss": 0.7504103541374206,
        "accuracy": 0.57125,
        "precision": 0.848,
        "recall": 0.24651162790697675,
        "f1": 0.381981981981982
      }
    },
    {
      "epoch": 3,
      "train": {
        "loss": 0.4764155750721693,
        "accuracy": 0.7828125,
        "precision": 0.7841793833696667,
        "recall": 0.783203732503888,
        "f1": 0.7836912542794896
      },
      "val": {
        "loss": 0.6247514033317566,
        "accuracy": 0.65375,
        "precision": 0.7283582089552239,
        "recall": 0.5674418604651162,
        "f1": 0.6379084967320261
      }
    }
  ],
  "test": {
    "loss": 0.6318049085140228,
    "accuracy": 0.65,
    "precision": 0.6932515337423313,
    "recall": 0.5566502463054187,
    "f1": 0.6174863387978142
  }
}